reform_id,year,constituency_code,constituency_name,average_gain,relative_change
combined,2026,S14000021,East Renfrewshire,30.525838385111456,0.062347089307901504
combined,2026,S14000027,Na h-Eileanan an Iar,30.823270088147222,0.06223662335431028
combined,2026,S14000045,Midlothian,30.572801533285997,0.06286779281953289
combined,2026,S14000048,North Ayrshire and Arran,31.391903180529148,0.06280991750811041
combined,2026,S14000051,Orkney and Shetland,25.925640696708655,0.060808015369914876
combined,2026,S14000060,Aberdeen North,31.286256797994348,0.06340507755075035
combined,2026,S14000061,Aberdeen South,31.146511472760743,0.062152572660863464
combined,2026,S14000062,Aberdeenshire North and Moray East,30.657932462429883,0.06297478960911021
combined,2026,S14000063,Airdrie and Shotts,29.350702163552086,0.061801239214874626
combined,2026,S14000064,Alloa and Grangemouth,31.207180534144886,0.06222368320367144
combined,2026,S14000065,Angus and Perthshire Glens,31.108686646661905,0.06253774690200872
combined,2026,S14000066,Arbroath and Broughty Ferry,31.04215890158888,0.061679633994421196
combined,2026,S14000067,"Argyll, Bute and South Lochaber",30.68027773251,0.06222606670692745
combined,2026,S14000068,Bathgate and Linlithgow,31.08067635763968,0.06351761704864847
combined,2026,S14000069,"Caithness, Sutherland and Easter Ross",31.178838208222402,0.06266971304909323
combined,2026,S14000070,Coatbridge and Bellshill,30.85695470242297,0.06242476904095405
combined,2026,S14000071,Cowdenbeath and Kirkcaldy,31.206147037779907,0.06345776917083011
combined,2026,S14000072,Cumbernauld and Kirkintilloch,30.983410486332538,0.06263637747856089
combined,2026,S14000073,Dumfries and Galloway,31.16026304978167,0.06311573479793421
combined,2026,S14000074,"Dumfriesshire, Clydesdale and Tweeddale",31.527253521441924,0.06373245333349159
combined,2026,S14000075,Dundee Central,30.95169816225054,0.06295884273886589
combined,2026,S14000076,Dunfermline and Dollar,30.631141594457436,0.062475193816388296
combined,2026,S14000077,East Kilbride and Strathaven,31.273006288435557,0.06371692544191164
combined,2026,S14000078,Edinburgh East and Musselburgh,30.734877134260454,0.06178548553047312
combined,2026,S14000079,Edinburgh North and Leith,30.91644985305347,0.06279305340115512
combined,2026,S14000080,Edinburgh South,30.96183408168118,0.06313073823805408
combined,2026,S14000081,Edinburgh South West,31.01698511855257,0.06284229063959694
combined,2026,S14000082,Edinburgh West,30.908910958907253,0.06286642749733598
combined,2026,S14000083,Falkirk,31.231368439317475,0.06253143093058702
combined,2026,S14000084,Glasgow East,31.574198157349766,0.06212975264100382
combined,2026,S14000085,Glasgow North,30.930604907272837,0.061252410239528175
combined,2026,S14000086,Glasgow North East,31.336445562779,0.06267441901114947
combined,2026,S14000087,Glasgow South,31.487904586965495,0.06213454753467737
combined,2026,S14000088,Glasgow South West,31.169084983591933,0.06296055393139408
combined,2026,S14000089,Glasgow West,30.789698678436224,0.062373262929231565
combined,2026,S14000090,Glenrothes and Mid Fife,30.925331128240586,0.06266282752099037
combined,2026,S14000091,Gordon and Buchan,31.083028089249083,0.0630433791954913
combined,2026,S14000092,Hamilton and Clyde Valley,30.983543904267698,0.06269767691679505
combined,2026,S14000093,Inverclyde and Renfrewshire West,30.603973708991333,0.062255641630281106
combined,2026,S14000094,"Inverness, Skye and West Ross-shire",31.396981823271577,0.06347611624624169
combined,2026,S14000095,Livingston,30.5463023223044,0.06261045496167214
combined,2026,S14000096,Lothian East,31.099836350463423,0.06253964368572631
combined,2026,S14000097,Mid Dunbartonshire,31.133955746297328,0.06277184774138128
combined,2026,S14000098,"Moray West, Nairn and Strathspey",31.10110988227778,0.06380690501912452
combined,2026,S14000099,"Motherwell, Wishaw and Carluke",31.61696961247906,0.06368989130722766
combined,2026,S14000100,North East Fife,31.295682009218126,0.06268066708116625
combined,2026,S14000101,Paisley and Renfrewshire North,30.897599500520077,0.06188379398687341
combined,2026,S14000102,Paisley and Renfrewshire South,31.539863426610665,0.06321944816123015
combined,2026,S14000103,Perth and Kinross-shire,30.953399071668784,0.06228037722719741
combined,2026,S14000104,Rutherglen,30.82301103537894,0.06269032830806283
combined,2026,S14000105,Stirling and Strathallan,31.020309366257365,0.0625235717161244
combined,2026,S14000106,West Dunbartonshire,30.85581723600055,0.06258219163647227
combined,2026,S14000107,"Ayr, Carrick and Cumnock",30.9717767537518,0.06335845013074175
combined,2026,S14000108,"Berwickshire, Roxburgh and Selkirk",31.309653686007874,0.06279051596188263
combined,2026,S14000109,Central Ayrshire,30.69851467134295,0.0624371817619557
combined,2026,S14000110,Kilmarnock and Loudoun,31.635260344435096,0.06333068423991027
combined,2026,S14000111,West Aberdeenshire and Kincardine,31.120775982851512,0.06339180080057055
combined,2027,S14000021,East Renfrewshire,30.594044565175906,0.06148940925057876
combined,2027,S14000027,Na h-Eileanan an Iar,31.11814936883297,0.06183028806454707
combined,2027,S14000045,Midlothian,30.46748570633353,0.061651612189768445
combined,2027,S14000048,North Ayrshire and Arran,31.284573402667483,0.06159703600480514
combined,2027,S14000051,Orkney and Shetland,25.377633078665376,0.05855732026809822
combined,2027,S14000060,Aberdeen North,31.40822843006765,0.06264278242134433
combined,2027,S14000061,Aberdeen South,31.325488373038656,0.061511967095779475
combined,2027,S14000062,Aberdeenshire North and Moray East,30.515353525221265,0.06168618978879821
combined,2027,S14000063,Airdrie and Shotts,29.48139883824578,0.06107756308632535
combined,2027,S14000064,Alloa and Grangemouth,31.30001387127386,0.06141408362424057
combined,2027,S14000065,Angus and Perthshire Glens,31.116798854480763,0.061559171944681516
combined,2027,S14000066,Arbroath and Broughty Ferry,31.067692479807228,0.060750932836044325
combined,2027,S14000067,"Argyll, Bute and South Lochaber",30.71009612083256,0.061296336049139075
combined,2027,S14000068,Bathgate and Linlithgow,31.0013283645354,0.06234936239027973
combined,2027,S14000069,"Caithness, Sutherland and Easter Ross",31.20303593536356,0.06171476504429541
combined,2027,S14000070,Coatbridge and Bellshill,30.71410571448276,0.061147993439448295
combined,2027,S14000071,Cowdenbeath and Kirkcaldy,31.29764118406216,0.06263477005247692
combined,2027,S14000072,Cumbernauld and Kirkintilloch,31.104785531011977,0.061877738084673145
combined,2027,S14000073,Dumfries and Galloway,31.017069242627844,0.061821947980577184
combined,2027,S14000074,"Dumfriesshire, Clydesdale and Tweeddale",31.630111977328323,0.0629261227662973
combined,2027,S14000075,Dundee Central,30.87075965267899,0.06179911468875992
combined,2027,S14000076,Dunfermline and Dollar,30.686641094812448,0.061592631354901645
combined,2027,S14000077,East Kilbride and Strathaven,31.107211816940854,0.062375554130022146
combined,2027,S14000078,Edinburgh East and Musselburgh,30.809688282262393,0.060946771473098536
combined,2027,S14000079,Edinburgh North and Leith,31.068028742039136,0.062093388810237654
combined,2027,S14000080,Edinburgh South,30.930032923836823,0.062064675565927395
combined,2027,S14000081,Edinburgh South West,31.029957171740982,0.0618670815249949
combined,2027,S14000082,Edinburgh West,30.81379221901705,0.06167573786636624
combined,2027,S14000083,Falkirk,31.422460927227014,0.0619147704891092
combined,2027,S14000084,Glasgow East,31.8006890779105,0.061577550480092995
combined,2027,S14000085,Glasgow North,31.06555830297026,0.060537871120342826
combined,2027,S14000086,Glasgow North East,31.51052403994127,0.06201979831021527
combined,2027,S14000087,Glasgow South,31.517253661476563,0.06120076440849087
combined,2027,S14000088,Glasgow South West,31.18523690985921,0.06199267826716293
combined,2027,S14000089,Glasgow West,30.783626004070957,0.061372089760652185
combined,2027,S14000090,Glenrothes and Mid Fife,31.109071043628166,0.062030807593073924
combined,2027,S14000091,Gordon and Buchan,31.02037453110285,0.06191917365123878
combined,2027,S14000092,Hamilton and Clyde Valley,31.134220892855197,0.06200069503743272
combined,2027,S14000093,Inverclyde and Renfrewshire West,30.4240952124792,0.06090859157502347
combined,2027,S14000094,"Inverness, Skye and West Ross-shire",31.236977866661878,0.06214893470893472
combined,2027,S14000095,Livingston,30.53511128177254,0.061592222951212555
combined,2027,S14000096,Lothian East,31.10928643887214,0.061562058456837536
combined,2027,S14000097,Mid Dunbartonshire,31.238656615302,0.06198095739763197
combined,2027,S14000098,"Moray West, Nairn and Strathspey",31.03666436414338,0.06266317738899076
combined,2027,S14000099,"Motherwell, Wishaw and Carluke",31.72170413799425,0.06288312793421014
combined,2027,S14000100,North East Fife,31.374449042221144,0.061838220080570126
combined,2027,S14000101,Paisley and Renfrewshire North,31.036028102335685,0.0611673899896644
combined,2027,S14000102,Paisley and Renfrewshire South,31.677571407032048,0.06248186138615727
combined,2027,S14000103,Perth and Kinross-shire,31.2272021508769,0.061828843912927256
combined,2027,S14000104,Rutherglen,31.04395056698456,0.06213685881660614
combined,2027,S14000105,Stirling and Strathallan,31.180751932675967,0.06184387585260968
combined,2027,S14000106,West Dunbartonshire,30.984269894219448,0.06184267460278499
combined,2027,S14000107,"Ayr, Carrick and Cumnock",30.90704025566218,0.062223533692416094
combined,2027,S14000108,"Berwickshire, Roxburgh and Selkirk",31.40890185831512,0.06198567799358004
combined,2027,S14000109,Central Ayrshire,30.67466363763256,0.06139798404243333
combined,2027,S14000110,Kilmarnock and Loudoun,31.793749630859963,0.06263595742488463
combined,2027,S14000111,West Aberdeenshire and Kincardine,31.11378664563654,0.0623696632480071
combined,2028,S14000021,East Renfrewshire,31.891146808534053,0.06302701727087703
combined,2028,S14000027,Na h-Eileanan an Iar,32.44181595510003,0.0633716912637176
combined,2028,S14000045,Midlothian,31.817637976589122,0.06331022127601456
combined,2028,S14000048,North Ayrshire and Arran,32.665640285610586,0.06323131682338265
combined,2028,S14000051,Orkney and Shetland,26.897933047296046,0.06103350401527426
combined,2028,S14000060,Aberdeen North,32.78052628519293,0.0642907648756981
combined,2028,S14000061,Aberdeen South,32.64633840129191,0.0630340288308842
combined,2028,S14000062,Aberdeenshire North and Moray East,31.829846337825533,0.0632736831770687
combined,2028,S14000063,Airdrie and Shotts,30.88467063826446,0.06290440748009947
combined,2028,S14000064,Alloa and Grangemouth,32.624494149087404,0.06293630323139654
combined,2028,S14000065,Angus and Perthshire Glens,32.406997569061005,0.06304602384425095
combined,2028,S14000066,Arbroath and Broughty Ferry,32.435225091184336,0.062367863307526125
combined,2028,S14000067,"Argyll, Bute and South Lochaber",31.985187602219444,0.06277068667594493
combined,2028,S14000068,Bathgate and Linlithgow,32.26985775950118,0.06382976809157545
combined,2028,S14000069,"Caithness, Sutherland and Easter Ross",32.56232202191802,0.06332172361249515
combined,2028,S14000070,Coatbridge and Bellshill,32.14580152416444,0.06292391016237255
combined,2028,S14000071,Cowdenbeath and Kirkcaldy,32.65344759172527,0.06425563627472443
combined,2028,S14000072,Cumbernauld and Kirkintilloch,32.45460378406455,0.06347406631504703
combined,2028,S14000073,Dumfries and Galloway,32.36398643291084,0.06343729076407328
combined,2028,S14000074,"Dumfriesshire, Clydesdale and Tweeddale",33.06011280204512,0.06466957571736233
combined,2028,S14000075,Dundee Central,32.15389318580646,0.06329997177701531
combined,2028,S14000076,Dunfermline and Dollar,31.99551360180573,0.06315396993970306
combined,2028,S14000077,East Kilbride and Strathaven,32.54388371328195,0.06417276950909596
combined,2028,S14000078,Edinburgh East and Musselburgh,32.119343032681805,0.062467525569366175
combined,2028,S14000079,Edinburgh North and Leith,32.495263194527745,0.06385127728199588
combined,2028,S14000080,Edinburgh South,32.36441065629547,0.06385990662548788
combined,2028,S14000081,Edinburgh South West,32.32737901009058,0.06337375537743017
combined,2028,S14000082,Edinburgh West,32.20008553872179,0.06337435384902716
combined,2028,S14000083,Falkirk,32.776613668999964,0.0634985492736876
combined,2028,S14000084,Glasgow East,33.07098414050696,0.06295672671103668
combined,2028,S14000085,Glasgow North,32.3093688050044,0.06189762847746377
combined,2028,S14000086,Glasgow North East,32.810252850863364,0.06349524258454955
combined,2028,S14000087,Glasgow South,32.75403044939057,0.06253112388740098
combined,2028,S14000088,Glasgow South West,32.54856575411374,0.06362267013645091
combined,2028,S14000089,Glasgow West,32.19466284853722,0.06311783524329671
combined,2028,S14000090,Glenrothes and Mid Fife,32.31952574294785,0.06337283309423272
combined,2028,S14000091,Gordon and Buchan,32.36415507836663,0.06353213478546918
combined,2028,S14000092,Hamilton and Clyde Valley,32.46282241617309,0.06356403945865631
combined,2028,S14000093,Inverclyde and Renfrewshire West,31.847507225614137,0.06269705861702501
combined,2028,S14000094,"Inverness, Skye and West Ross-shire",32.64528504542175,0.06386473624180022
combined,2028,S14000095,Livingston,31.917408044368006,0.06330836902943732
combined,2028,S14000096,Lothian East,32.50212225558477,0.06324161704487538
combined,2028,S14000097,Mid Dunbartonshire,32.532276870085546,0.06347135704638071
combined,2028,S14000098,"Moray West, Nairn and Strathspey",32.44867177001322,0.064430727378154
combined,2028,S14000099,"Motherwell, Wishaw and Carluke",33.11150978503054,0.0645369498828703
combined,2028,S14000100,North East Fife,32.61611044355069,0.06321634178384938
combined,2028,S14000101,Paisley and Renfrewshire North,32.34822045692193,0.0626725615855124
combined,2028,S14000102,Paisley and Renfrewshire South,33.04889539733984,0.06409008596966081
combined,2028,S14000103,Perth and Kinross-shire,32.4237346292987,0.06312761138110669
combined,2028,S14000104,Rutherglen,32.16396673259005,0.0633125762216369
combined,2028,S14000105,Stirling and Strathallan,32.55518153785121,0.06348080243296955
combined,2028,S14000106,West Dunbartonshire,32.23023442849855,0.0632597057989088
combined,2028,S14000107,"Ayr, Carrick and Cumnock",32.32863507026651,0.0640056299767339
combined,2028,S14000108,"Berwickshire, Roxburgh and Selkirk",32.78751303696323,0.0636169955340309
combined,2028,S14000109,Central Ayrshire,31.990645702753305,0.06296753123808906
combined,2028,S14000110,Kilmarnock and Loudoun,33.1669601551913,0.06423988188601643
combined,2028,S14000111,West Aberdeenshire and Kincardine,32.432301150620276,0.06393160842689986
combined,2029,S14000021,East Renfrewshire,31.689065371500114,0.06160373504624615
combined,2029,S14000027,Na h-Eileanan an Iar,32.25327705251084,0.06196480432779623
combined,2029,S14000045,Midlothian,31.71776766819293,0.0620807271860558
combined,2029,S14000048,North Ayrshire and Arran,32.450828865521515,0.061779492216660944
combined,2029,S14000051,Orkney and Shetland,26.47992661702829,0.059101890757579933
combined,2029,S14000060,Aberdeen North,32.55668205061689,0.06280840377573753
combined,2029,S14000061,Aberdeen South,32.45960061340943,0.06164413525763104
combined,2029,S14000062,Aberdeenshire North and Moray East,31.650708526288547,0.06189157828794503
combined,2029,S14000063,Airdrie and Shotts,30.721163058550097,0.061537728500317676
combined,2029,S14000064,Alloa and Grangemouth,32.407205891583295,0.06148829994328546
combined,2029,S14000065,Angus and Perthshire Glens,32.20279783814703,0.06162465237607993
combined,2029,S14000066,Arbroath and Broughty Ferry,32.32970542077741,0.061145296036396006
combined,2029,S14000067,"Argyll, Bute and South Lochaber",31.79296649105269,0.061369256245472875
combined,2029,S14000068,Bathgate and Linlithgow,32.07951883204012,0.062424337299464575
combined,2029,S14000069,"Caithness, Sutherland and Easter Ross",32.364282529078366,0.061903153145486896
combined,2029,S14000070,Coatbridge and Bellshill,31.95580745678114,0.06152543690476927
combined,2029,S14000071,Cowdenbeath and Kirkcaldy,32.42989739740314,0.06276941814999366
combined,2029,S14000072,Cumbernauld and Kirkintilloch,32.28210011911805,0.06209515471565525
combined,2029,S14000073,Dumfries and Galloway,32.12687433579041,0.061944111460371536
combined,2029,S14000074,"Dumfriesshire, Clydesdale and Tweeddale",32.87749049936814,0.06325906845040723
combined,2029,S14000075,Dundee Central,31.910377683606082,0.06180203896748351
combined,2029,S14000076,Dunfermline and Dollar,31.837721254991568,0.061817932135472736
combined,2029,S14000077,East Kilbride and Strathaven,32.311098752884135,0.06267590387240045
combined,2029,S14000078,Edinburgh East and Musselburgh,32.01193985253322,0.06122989443671518
combined,2029,S14000079,Edinburgh North and Leith,32.27828141475164,0.06237806945618163
combined,2029,S14000080,Edinburgh South,32.11806182435905,0.062339061865768056
combined,2029,S14000081,Edinburgh South West,32.11715441971884,0.06193106969818456
combined,2029,S14000082,Edinburgh West,32.00731564353701,0.06196395144008165
combined,2029,S14000083,Falkirk,32.60564447877261,0.06213048351088714
combined,2029,S14000084,Glasgow East,32.91242362143231,0.06161926539121397
combined,2029,S14000085,Glasgow North,32.160152030637015,0.06059162742778737
combined,2029,S14000086,Glasgow North East,32.67131297362085,0.06218924256154232
combined,2029,S14000087,Glasgow South,32.60585755762715,0.06122196781598653
combined,2029,S14000088,Glasgow South West,32.35249176213052,0.06220708720917497
combined,2029,S14000089,Glasgow West,31.98619064341227,0.06168605536676945
combined,2029,S14000090,Glenrothes and Mid Fife,32.156286065875875,0.06202059929492572
combined,2029,S14000091,Gordon and Buchan,32.14280623448762,0.06207505819469645
combined,2029,S14000092,Hamilton and Clyde Valley,32.23602531170403,0.06208474791911048
combined,2029,S14000093,Inverclyde and Renfrewshire West,31.702869839695435,0.061391509898234296
combined,2029,S14000094,"Inverness, Skye and West Ross-shire",32.4147563244551,0.062374637382959904
combined,2029,S14000095,Livingston,31.725839611960648,0.06190216491774788
combined,2029,S14000096,Lothian East,32.3199714876112,0.06185799658785171
combined,2029,S14000097,Mid Dunbartonshire,32.41118521340954,0.0622012202874934
combined,2029,S14000098,"Moray West, Nairn and Strathspey",32.22153944204445,0.06293834344370797
combined,2029,S14000099,"Motherwell, Wishaw and Carluke",32.96088476864166,0.0631830743354321
combined,2029,S14000100,North East Fife,32.48464098169018,0.06193263079326256
combined,2029,S14000101,Paisley and Renfrewshire North,32.23920803441379,0.061422510100496375
combined,2029,S14000102,Paisley and Renfrewshire South,32.86456171261092,0.06268089012528803
combined,2029,S14000103,Perth and Kinross-shire,32.2825417725802,0.061822181626056634
combined,2029,S14000104,Rutherglen,31.950707228867124,0.06186850718082636
combined,2029,S14000105,Stirling and Strathallan,32.37053925141782,0.06208139822311245
combined,2029,S14000106,West Dunbartonshire,31.99232822356045,0.061765760745795685
combined,2029,S14000107,"Ayr, Carrick and Cumnock",32.084643836735005,0.062488108142159396
combined,2029,S14000108,"Berwickshire, Roxburgh and Selkirk",32.67430564728015,0.06235168103850173
combined,2029,S14000109,Central Ayrshire,31.87550386405979,0.061722814319941914
combined,2029,S14000110,Kilmarnock and Loudoun,32.98131124738302,0.06282650247000547
combined,2029,S14000111,West Aberdeenshire and Kincardine,32.218102144386194,0.062469636048715534
combined,2030,S14000021,East Renfrewshire,31.575896488685835,0.06036950248723383
combined,2030,S14000027,Na h-Eileanan an Iar,32.14725857974621,0.06072791075360112
combined,2030,S14000045,Midlothian,31.60497888474049,0.06083654847106211
combined,2030,S14000048,North Ayrshire and Arran,32.451119547973434,0.060744339940396665
combined,2030,S14000051,Orkney and Shetland,26.415393307658803,0.05803374875555195
combined,2030,S14000060,Aberdeen North,32.428783185879624,0.061523637164832105
combined,2030,S14000061,Aberdeen South,32.393485387946924,0.060492347615824026
combined,2030,S14000062,Aberdeenshire North and Moray East,31.4492435620569,0.060481439767757966
combined,2030,S14000063,Airdrie and Shotts,30.715220305335603,0.06051619125203245
combined,2030,S14000064,Alloa and Grangemouth,32.389516169858844,0.06042286822939963
combined,2030,S14000065,Angus and Perthshire Glens,32.1742087142496,0.06054429628602745
combined,2030,S14000066,Arbroath and Broughty Ferry,32.27644517226251,0.06002511391628353
combined,2030,S14000067,"Argyll, Bute and South Lochaber",31.814367409911505,0.060385761330127574
combined,2030,S14000068,Bathgate and Linlithgow,31.9622181189298,0.061176234768190556
combined,2030,S14000069,"Caithness, Sutherland and Easter Ross",32.318161179548056,0.060783770878379335
combined,2030,S14000070,Coatbridge and Bellshill,31.987837293078606,0.06055716502030794
combined,2030,S14000071,Cowdenbeath and Kirkcaldy,32.36118776286748,0.06159331363317885
combined,2030,S14000072,Cumbernauld and Kirkintilloch,32.17823587323008,0.06085895417126279
combined,2030,S14000073,Dumfries and Galloway,32.02393596665572,0.06072377472131731
combined,2030,S14000074,"Dumfriesshire, Clydesdale and Tweeddale",32.824433064786554,0.06210590196416506
combined,2030,S14000075,Dundee Central,31.89165075028256,0.060745090217804346
combined,2030,S14000076,Dunfermline and Dollar,31.613684447729376,0.06037221265276784
combined,2030,S14000077,East Kilbride and Strathaven,32.167927940654465,0.06136779986831013
combined,2030,S14000078,Edinburgh East and Musselburgh,31.96880149681061,0.06012615579240304
combined,2030,S14000079,Edinburgh North and Leith,32.262051827948014,0.06130563465752852
combined,2030,S14000080,Edinburgh South,32.06058974687291,0.06119501150475239
combined,2030,S14000081,Edinburgh South West,32.11213566242382,0.06089026674279097
combined,2030,S14000082,Edinburgh West,31.908830803692993,0.060748834942300906
combined,2030,S14000083,Falkirk,32.64021140521307,0.06115367327249392
combined,2030,S14000084,Glasgow East,32.818028656544215,0.06040579941839459
combined,2030,S14000085,Glasgow North,32.119724747742374,0.059495949503352366
combined,2030,S14000086,Glasgow North East,32.521543052975545,0.060869979671743624
combined,2030,S14000087,Glasgow South,32.528576879210675,0.06005007303867842
combined,2030,S14000088,Glasgow South West,32.3248155920856,0.06111924949321441
combined,2030,S14000089,Glasgow West,32.009033940334156,0.060707660486428575
combined,2030,S14000090,Glenrothes and Mid Fife,32.062118060587366,0.060814721553629165
combined,2030,S14000091,Gordon and Buchan,32.06406276793842,0.060901035179766826
combined,2030,S14000092,Hamilton and Clyde Valley,32.252871214828545,0.06108172585700261
combined,2030,S14000093,Inverclyde and Renfrewshire West,31.6350828734736,0.06024576996994314
combined,2030,S14000094,"Inverness, Skye and West Ross-shire",32.34899807837275,0.061211629573193004
combined,2030,S14000095,Livingston,31.651059373614853,0.060736640625962235
combined,2030,S14000096,Lothian East,32.30102945867254,0.06079132133733963
combined,2030,S14000097,Mid Dunbartonshire,32.20721063731606,0.060782713061787626
combined,2030,S14000098,"Moray West, Nairn and Strathspey",32.06082726451747,0.061593150131558735
combined,2030,S14000099,"Motherwell, Wishaw and Carluke",32.867136291394445,0.0619492926515857
combined,2030,S14000100,North East Fife,32.35501866353356,0.06066336688280816
combined,2030,S14000101,Paisley and Renfrewshire North,32.13476478213658,0.060192671325084816
combined,2030,S14000102,Paisley and Renfrewshire South,32.76096935895017,0.06143677558542533
combined,2030,S14000103,Perth and Kinross-shire,32.19504670923848,0.06062836654028092
combined,2030,S14000104,Rutherglen,31.87155343482711,0.06069653672496135
combined,2030,S14000105,Stirling and Strathallan,32.38317948350885,0.06106780986600073
combined,2030,S14000106,West Dunbartonshire,31.98488613478269,0.06072942535123737
combined,2030,S14000107,"Ayr, Carrick and Cumnock",32.00412724197418,0.061303260855575796
combined,2030,S14000108,"Berwickshire, Roxburgh and Selkirk",32.442810454903544,0.06087558482372239
combined,2030,S14000109,Central Ayrshire,31.662883041962633,0.06029926183817024
combined,2030,S14000110,Kilmarnock and Loudoun,32.8557200230941,0.06154112400450226
combined,2030,S14000111,West Aberdeenshire and Kincardine,32.0916122386265,0.061195993234037335
scp_baby_boost,2026,S14000021,East Renfrewshire,7.493745160467277,0.015305499324080304
scp_baby_boost,2026,S14000027,Na h-Eileanan an Iar,7.380457309762736,0.014902206691784532
scp_baby_boost,2026,S14000045,Midlothian,7.762763883501394,0.015962810310451277
scp_baby_boost,2026,S14000048,North Ayrshire and Arran,7.65950674014168,0.01532538450231692
scp_baby_boost,2026,S14000051,Orkney and Shetland,8.054551794547578,0.018891772629665578
scp_baby_boost,2026,S14000060,Aberdeen North,7.844512734431743,0.01589777714495966
scp_baby_boost,2026,S14000061,Aberdeen South,7.271612851818842,0.014510435511520854
scp_baby_boost,2026,S14000062,Aberdeenshire North and Moray East,7.845006861090824,0.016114513174188928
scp_baby_boost,2026,S14000063,Airdrie and Shotts,7.577290467030124,0.01595484626378168
scp_baby_boost,2026,S14000064,Alloa and Grangemouth,7.365697386581003,0.014686389892071855
scp_baby_boost,2026,S14000065,Angus and Perthshire Glens,7.512331361075625,0.015102028659682494
scp_baby_boost,2026,S14000066,Arbroath and Broughty Ferry,7.015441642507136,0.01393942586889191
scp_baby_boost,2026,S14000067,"Argyll, Bute and South Lochaber",7.342328638182758,0.01489178929888278
scp_baby_boost,2026,S14000068,Bathgate and Linlithgow,8.02851790532098,0.01640737543515678
scp_baby_boost,2026,S14000069,"Caithness, Sutherland and Easter Ross",7.642434917765249,0.015361355034916325
scp_baby_boost,2026,S14000070,Coatbridge and Bellshill,7.444879491337488,0.015061268594596122
scp_baby_boost,2026,S14000071,Cowdenbeath and Kirkcaldy,7.908409929378508,0.016081769120655443
scp_baby_boost,2026,S14000072,Cumbernauld and Kirkintilloch,7.5690952191239615,0.015301759808700055
scp_baby_boost,2026,S14000073,Dumfries and Galloway,7.8654490167709445,0.015931623985846476
scp_baby_boost,2026,S14000074,"Dumfriesshire, Clydesdale and Tweeddale",7.982872385602072,0.016137404466157693
scp_baby_boost,2026,S14000075,Dundee Central,7.70173785965283,0.015666103364668983
scp_baby_boost,2026,S14000076,Dunfermline and Dollar,7.570102136405638,0.01543995990888483
scp_baby_boost,2026,S14000077,East Kilbride and Strathaven,8.106149004053519,0.0165158055784135
scp_baby_boost,2026,S14000078,Edinburgh East and Musselburgh,7.096632492270642,0.014266166812734963
scp_baby_boost,2026,S14000079,Edinburgh North and Leith,7.724127317307248,0.015688138237679703
scp_baby_boost,2026,S14000080,Edinburgh South,7.792549132705004,0.015888896575252973
scp_baby_boost,2026,S14000081,Edinburgh South West,7.679507401276974,0.015559147165187286
scp_baby_boost,2026,S14000082,Edinburgh West,7.658324463288385,0.015576462731491037
scp_baby_boost,2026,S14000083,Falkirk,7.399537728651073,0.014815350896213537
scp_baby_boost,2026,S14000084,Glasgow East,7.290610592022092,0.014346012222602561
scp_baby_boost,2026,S14000085,Glasgow North,6.913440488939349,0.013690805409871123
scp_baby_boost,2026,S14000086,Glasgow North East,7.489526496115248,0.014979418162543043
scp_baby_boost,2026,S14000087,Glasgow South,7.317718922336849,0.014439930512669437
scp_baby_boost,2026,S14000088,Glasgow South West,7.687394005414792,0.015528289814236856
scp_baby_boost,2026,S14000089,Glasgow West,7.384349784645589,0.01495909380242452
scp_baby_boost,2026,S14000090,Glenrothes and Mid Fife,7.499895670891654,0.01519675462492755
scp_baby_boost,2026,S14000091,Gordon and Buchan,7.705602694742335,0.015628697153301594
scp_baby_boost,2026,S14000092,Hamilton and Clyde Valley,7.636746024784254,0.015453565816646008
scp_baby_boost,2026,S14000093,Inverclyde and Renfrewshire West,7.307595338839128,0.014865358365545256
scp_baby_boost,2026,S14000094,"Inverness, Skye and West Ross-shire",7.972500398967947,0.016118216870227995
scp_baby_boost,2026,S14000095,Livingston,7.528885229185403,0.015431881888018653
scp_baby_boost,2026,S14000096,Lothian East,7.548173868234734,0.015178861357264874
scp_baby_boost,2026,S14000097,Mid Dunbartonshire,7.577901824997328,0.015278460065725464
scp_baby_boost,2026,S14000098,"Moray West, Nairn and Strathspey",8.211108652467892,0.016845875657584705
scp_baby_boost,2026,S14000099,"Motherwell, Wishaw and Carluke",8.030440324628142,0.01617668858507156
scp_baby_boost,2026,S14000100,North East Fife,7.421361692269649,0.014863900437928054
scp_baby_boost,2026,S14000101,Paisley and Renfrewshire North,7.240473951826665,0.014501709053307605
scp_baby_boost,2026,S14000102,Paisley and Renfrewshire South,7.863382175699761,0.015761599062891492
scp_baby_boost,2026,S14000103,Perth and Kinross-shire,7.271180122783283,0.014630116708194786
scp_baby_boost,2026,S14000104,Rutherglen,7.639395110435312,0.015537618534363666
scp_baby_boost,2026,S14000105,Stirling and Strathallan,7.481639721067634,0.015079760557230548
scp_baby_boost,2026,S14000106,West Dunbartonshire,7.55411707598922,0.01532136384131571
scp_baby_boost,2026,S14000107,"Ayr, Carrick and Cumnock",7.913797467508701,0.01618912425258916
scp_baby_boost,2026,S14000108,"Berwickshire, Roxburgh and Selkirk",7.6263977471385385,0.015294498440504012
scp_baby_boost,2026,S14000109,Central Ayrshire,7.454080204233134,0.015160725708151664
scp_baby_boost,2026,S14000110,Kilmarnock and Loudoun,7.861283459444485,0.01573751741158299
scp_baby_boost,2026,S14000111,West Aberdeenshire and Kincardine,7.984325738286236,0.01626375855818018
scp_baby_boost,2027,S14000021,East Renfrewshire,7.27447170873851,0.014620589540799978
scp_baby_boost,2027,S14000027,Na h-Eileanan an Iar,7.389639059600875,0.014682862606404612
scp_baby_boost,2027,S14000045,Midlothian,7.3692829371235,0.014911902417394774
scp_baby_boost,2027,S14000048,North Ayrshire and Arran,7.26373441008109,0.014301761581602939
scp_baby_boost,2027,S14000051,Orkney and Shetland,7.246782460044389,0.016721502754439416
scp_baby_boost,2027,S14000060,Aberdeen North,7.685380967915761,0.015328264975855908
scp_baby_boost,2027,S14000061,Aberdeen South,7.1643660195888765,0.014068232284556174
scp_baby_boost,2027,S14000062,Aberdeenshire North and Moray East,7.412309116850169,0.014983837777836899
scp_baby_boost,2027,S14000063,Airdrie and Shotts,7.428343876802688,0.015389539154897557
scp_baby_boost,2027,S14000064,Alloa and Grangemouth,7.173713563788254,0.014075618193485176
scp_baby_boost,2027,S14000065,Angus and Perthshire Glens,7.222830601756116,0.014289113511327212
scp_baby_boost,2027,S14000066,Arbroath and Broughty Ferry,6.752462815578782,0.013204019424800829
scp_baby_boost,2027,S14000067,"Argyll, Bute and South Lochaber",7.0856672584549205,0.014142757472908232
scp_baby_boost,2027,S14000068,Bathgate and Linlithgow,7.661473130796883,0.015408628916104984
scp_baby_boost,2027,S14000069,"Caithness, Sutherland and Easter Ross",7.379774909230818,0.014596050062128671
scp_baby_boost,2027,S14000070,Coatbridge and Bellshill,7.0099511946960344,0.013955947591272541
scp_baby_boost,2027,S14000071,Cowdenbeath and Kirkcaldy,7.715928617502605,0.015441592286664321
scp_baby_boost,2027,S14000072,Cumbernauld and Kirkintilloch,7.405665145030053,0.014732324957845603
scp_baby_boost,2027,S14000073,Dumfries and Galloway,7.436785561241531,0.014822695416945515
scp_baby_boost,2027,S14000074,"Dumfriesshire, Clydesdale and Tweeddale",7.801442040455301,0.015520479343978247
scp_baby_boost,2027,S14000075,Dundee Central,7.334407890923921,0.014682499540824191
scp_baby_boost,2027,S14000076,Dunfermline and Dollar,7.346872046063072,0.014746259786030858
scp_baby_boost,2027,S14000077,East Kilbride and Strathaven,7.654001007411971,0.01534764854396456
scp_baby_boost,2027,S14000078,Edinburgh East and Musselburgh,6.877468706630062,0.0136047956648002
scp_baby_boost,2027,S14000079,Edinburgh North and Leith,7.592990094732253,0.015175552015198374
scp_baby_boost,2027,S14000080,Edinburgh South,7.477448744518648,0.015004362637834268
scp_baby_boost,2027,S14000081,Edinburgh South West,7.406039607756853,0.014766055062676937
scp_baby_boost,2027,S14000082,Edinburgh West,7.2752280194566845,0.014561825206607657
scp_baby_boost,2027,S14000083,Falkirk,7.305278922402211,0.014394310773016056
scp_baby_boost,2027,S14000084,Glasgow East,7.233971002436074,0.014007564851274131
scp_baby_boost,2027,S14000085,Glasgow North,6.75841944189305,0.013170222828778898
scp_baby_boost,2027,S14000086,Glasgow North East,7.379856133028054,0.014525216665665398
scp_baby_boost,2027,S14000087,Glasgow South,7.058409001400536,0.013706144292689222
scp_baby_boost,2027,S14000088,Glasgow South West,7.420281979949403,0.014750670477965813
scp_baby_boost,2027,S14000089,Glasgow West,7.091329862341148,0.014137702062013108
scp_baby_boost,2027,S14000090,Glenrothes and Mid Fife,7.395364046766007,0.014746194240976507
scp_baby_boost,2027,S14000091,Gordon and Buchan,7.350674456236588,0.014672540064049862
scp_baby_boost,2027,S14000092,Hamilton and Clyde Valley,7.50457625147052,0.014944614967364095
scp_baby_boost,2027,S14000093,Inverclyde and Renfrewshire West,6.838435775978171,0.013690447942071826
scp_baby_boost,2027,S14000094,"Inverness, Skye and West Ross-shire",7.522793247118287,0.014967311765551796
scp_baby_boost,2027,S14000095,Livingston,7.229675527363658,0.014582942987737452
scp_baby_boost,2027,S14000096,Lothian East,7.271612610733046,0.014389768839508441
scp_baby_boost,2027,S14000097,Mid Dunbartonshire,7.394770121420223,0.01467204359986841
scp_baby_boost,2027,S14000098,"Moray West, Nairn and Strathspey",7.861482450549467,0.015872371578317824
scp_baby_boost,2027,S14000099,"Motherwell, Wishaw and Carluke",7.847382058070673,0.015556160783784584
scp_baby_boost,2027,S14000100,North East Fife,7.204714398533499,0.014200304011541806
scp_baby_boost,2027,S14000101,Paisley and Renfrewshire North,7.092287095321698,0.01397784179237673
scp_baby_boost,2027,S14000102,Paisley and Renfrewshire South,7.719868030101804,0.015226916166596395
scp_baby_boost,2027,S14000103,Perth and Kinross-shire,7.257538651417084,0.01436969032007572
scp_baby_boost,2027,S14000104,Rutherglen,7.577288350642906,0.015166526420040826
scp_baby_boost,2027,S14000105,Stirling and Strathallan,7.3569583528507305,0.014591784701308619
scp_baby_boost,2027,S14000106,West Dunbartonshire,7.404004289702251,0.014777931821821145
scp_baby_boost,2027,S14000107,"Ayr, Carrick and Cumnock",7.569174955842794,0.015238625536212328
scp_baby_boost,2027,S14000108,"Berwickshire, Roxburgh and Selkirk",7.441135241908724,0.01468513019309925
scp_baby_boost,2027,S14000109,Central Ayrshire,7.145016791769956,0.014301367152590809
scp_baby_boost,2027,S14000110,Kilmarnock and Loudoun,7.737963830510196,0.015244341377485532
scp_baby_boost,2027,S14000111,West Aberdeenshire and Kincardine,7.689495286865206,0.015414106841160702
scp_baby_boost,2028,S14000021,East Renfrewshire,8.323302532206585,0.01644948472996707
scp_baby_boost,2028,S14000027,Na h-Eileanan an Iar,8.453008947269318,0.016512068066633048
scp_baby_boost,2028,S14000045,Midlothian,8.47066701403183,0.016854796179665447
scp_baby_boost,2028,S14000048,North Ayrshire and Arran,8.390775022139866,0.016242135442003456
scp_baby_boost,2028,S14000051,Orkney and Shetland,8.553061994467992,0.019407563498070685
scp_baby_boost,2028,S14000060,Aberdeen North,8.80754729592151,0.017273790768559283
scp_baby_boost,2028,S14000061,Aberdeen South,8.231454022487275,0.015893412112429364
scp_baby_boost,2028,S14000062,Aberdeenshire North and Moray East,8.481438576727024,0.016860020362456322
scp_baby_boost,2028,S14000063,Airdrie and Shotts,8.581997477088786,0.01747939852151568
scp_baby_boost,2028,S14000064,Alloa and Grangemouth,8.243039088837536,0.01590174564155949
scp_baby_boost,2028,S14000065,Angus and Perthshire Glens,8.257764855810532,0.016065025428232946
scp_baby_boost,2028,S14000066,Arbroath and Broughty Ferry,7.868655212760276,0.015130192910449959
scp_baby_boost,2028,S14000067,"Argyll, Bute and South Lochaber",8.109466824735122,0.015914766781893016
scp_baby_boost,2028,S14000068,Bathgate and Linlithgow,8.686406600571765,0.017181709414271575
scp_baby_boost,2028,S14000069,"Caithness, Sutherland and Easter Ross",8.485675790181528,0.01650151413309639
scp_baby_boost,2028,S14000070,Coatbridge and Bellshill,8.186182114113517,0.016024070438377072
scp_baby_boost,2028,S14000071,Cowdenbeath and Kirkcaldy,8.817887087300454,0.017351887386517478
scp_baby_boost,2028,S14000072,Cumbernauld and Kirkintilloch,8.500623210116826,0.016625349209258126
scp_baby_boost,2028,S14000073,Dumfries and Galloway,8.54060921834262,0.016740617272518
scp_baby_boost,2028,S14000074,"Dumfriesshire, Clydesdale and Tweeddale",8.976796997216846,0.017559699707830213
scp_baby_boost,2028,S14000075,Dundee Central,8.37405432517709,0.016485636727713342
scp_baby_boost,2028,S14000076,Dunfermline and Dollar,8.41205495641612,0.01660403619270707
scp_baby_boost,2028,S14000077,East Kilbride and Strathaven,8.842488698569236,0.017436363592599754
scp_baby_boost,2028,S14000078,Edinburgh East and Musselburgh,7.9243450518496,0.01541171706542106
scp_baby_boost,2028,S14000079,Edinburgh North and Leith,8.762744190882794,0.017218275960216835
scp_baby_boost,2028,S14000080,Edinburgh South,8.662827011027817,0.01709307578351907
scp_baby_boost,2028,S14000081,Edinburgh South West,8.453652695977357,0.016572321493598285
scp_baby_boost,2028,S14000082,Edinburgh West,8.411725021401091,0.016555472728354427
scp_baby_boost,2028,S14000083,Falkirk,8.403254415682996,0.01627973133412046
scp_baby_boost,2028,S14000084,Glasgow East,8.248384665250908,0.01570232373404497
scp_baby_boost,2028,S14000085,Glasgow North,7.744684466682562,0.014837108229723481
scp_baby_boost,2028,S14000086,Glasgow North East,8.428637799483136,0.0163113159830892
scp_baby_boost,2028,S14000087,Glasgow South,8.040565420905697,0.015350342707786103
scp_baby_boost,2028,S14000088,Glasgow South West,8.53589505354832,0.016685111086427198
scp_baby_boost,2028,S14000089,Glasgow West,8.25212145577985,0.016178335052117243
scp_baby_boost,2028,S14000090,Glenrothes and Mid Fife,8.354991195799448,0.016382649509351636
scp_baby_boost,2028,S14000091,Gordon and Buchan,8.44492727890011,0.0165777310372363
scp_baby_boost,2028,S14000092,Hamilton and Clyde Valley,8.584410214224665,0.016808759959036072
scp_baby_boost,2028,S14000093,Inverclyde and Renfrewshire West,8.010949935745508,0.01577087318455906
scp_baby_boost,2028,S14000094,"Inverness, Skye and West Ross-shire",8.681854586487125,0.016984515604143057
scp_baby_boost,2028,S14000095,Livingston,8.36081963090985,0.016583735554165847
scp_baby_boost,2028,S14000096,Lothian East,8.410713618886714,0.0163653045661766
scp_baby_boost,2028,S14000097,Mid Dunbartonshire,8.437955828643565,0.016462681332762696
scp_baby_boost,2028,S14000098,"Moray West, Nairn and Strathspey",9.02878922483227,0.017927743274767184
scp_baby_boost,2028,S14000099,"Motherwell, Wishaw and Carluke",8.978900024195598,0.01750058588771414
scp_baby_boost,2028,S14000100,North East Fife,8.193100163271193,0.015879815623235292
scp_baby_boost,2028,S14000101,Paisley and Renfrewshire North,8.150603900117654,0.01579126201299074
scp_baby_boost,2028,S14000102,Paisley and Renfrewshire South,8.837986004377479,0.017139068522840986
scp_baby_boost,2028,S14000103,Perth and Kinross-shire,8.198200904573673,0.015961543191897198
scp_baby_boost,2028,S14000104,Rutherglen,8.45429883085133,0.016641711004706905
scp_baby_boost,2028,S14000105,Stirling and Strathallan,8.469945821479998,0.01651592563494631
scp_baby_boost,2028,S14000106,West Dunbartonshire,8.407856171471558,0.01650247096361589
scp_baby_boost,2028,S14000107,"Ayr, Carrick and Cumnock",8.745517443026493,0.01731475369117126
scp_baby_boost,2028,S14000108,"Berwickshire, Roxburgh and Selkirk",8.565959016749781,0.016620369343015435
scp_baby_boost,2028,S14000109,Central Ayrshire,8.216509583822253,0.016172643987703496
scp_baby_boost,2028,S14000110,Kilmarnock and Loudoun,8.859951858408612,0.01716051933118977
scp_baby_boost,2028,S14000111,West Aberdeenshire and Kincardine,8.763185644602178,0.017274276980874102
scp_baby_boost,2029,S14000021,East Renfrewshire,7.889540324881419,0.015337314184336322
scp_baby_boost,2029,S14000027,Na h-Eileanan an Iar,8.018237259390103,0.015404589804100989
scp_baby_boost,2029,S14000045,Midlothian,8.13736471106854,0.015927146069232345
scp_baby_boost,2029,S14000048,North Ayrshire and Arran,7.934922298989384,0.015106408296740613
scp_baby_boost,2029,S14000051,Orkney and Shetland,7.925149740083146,0.017688543512603672
scp_baby_boost,2029,S14000060,Aberdeen North,8.348873488616757,0.016106660265020945
scp_baby_boost,2029,S14000061,Aberdeen South,7.807828194292123,0.014827872437791347
scp_baby_boost,2029,S14000062,Aberdeenshire North and Moray East,8.07324131256004,0.015786870815822904
scp_baby_boost,2029,S14000063,Airdrie and Shotts,8.180582079676025,0.016386568374193132
scp_baby_boost,2029,S14000064,Alloa and Grangemouth,7.7860109695934225,0.014772905120598822
scp_baby_boost,2029,S14000065,Angus and Perthshire Glens,7.818846974889225,0.01496248025500873
scp_baby_boost,2029,S14000066,Arbroath and Broughty Ferry,7.52965128215883,0.014240858390331707
scp_baby_boost,2029,S14000067,"Argyll, Bute and South Lochaber",7.6799367083575385,0.014824411051319979
scp_baby_boost,2029,S14000068,Bathgate and Linlithgow,8.271853390721247,0.01609640621038156
scp_baby_boost,2029,S14000069,"Caithness, Sutherland and Easter Ross",8.049946131007564,0.015397129465575442
scp_baby_boost,2029,S14000070,Coatbridge and Bellshill,7.756616419832195,0.01493403710040233
scp_baby_boost,2029,S14000071,Cowdenbeath and Kirkcaldy,8.35841527357789,0.01617806115601576
scp_baby_boost,2029,S14000072,Cumbernauld and Kirkintilloch,8.088140427059889,0.015557672187590962
scp_baby_boost,2029,S14000073,Dumfries and Galloway,8.078162893002443,0.015575577549469989
scp_baby_boost,2029,S14000074,"Dumfriesshire, Clydesdale and Tweeddale",8.557109055441146,0.016464600529233042
scp_baby_boost,2029,S14000075,Dundee Central,7.907007741582369,0.01531380184235552
scp_baby_boost,2029,S14000076,Dunfermline and Dollar,8.028187236030755,0.015587985388558837
scp_baby_boost,2029,S14000077,East Kilbride and Strathaven,8.379331222318628,0.016253924455545406
scp_baby_boost,2029,S14000078,Edinburgh East and Musselburgh,7.571310173084522,0.01448180037764589
scp_baby_boost,2029,S14000079,Edinburgh North and Leith,8.302350694165053,0.01604436746788894
scp_baby_boost,2029,S14000080,Edinburgh South,8.186160433400287,0.015888803144211115
scp_baby_boost,2029,S14000081,Edinburgh South West,8.005606128931726,0.015437100829912955
scp_baby_boost,2029,S14000082,Edinburgh West,7.981999635461624,0.015452599752968144
scp_baby_boost,2029,S14000083,Falkirk,7.988338517947403,0.01522188389472984
scp_baby_boost,2029,S14000084,Glasgow East,7.847936986504707,0.014693056868350814
scp_baby_boost,2029,S14000085,Glasgow North,7.3531495180486965,0.013853768340211292
scp_baby_boost,2029,S14000086,Glasgow North East,8.053386720380496,0.015329473308894103
scp_baby_boost,2029,S14000087,Glasgow South,7.6521215835950915,0.014367907376363067
scp_baby_boost,2029,S14000088,Glasgow South West,8.109288163100096,0.015592468106483738
scp_baby_boost,2029,S14000089,Glasgow West,7.810491263576408,0.01506270008510289
scp_baby_boost,2029,S14000090,Glenrothes and Mid Fife,7.957317456299878,0.015347468809322827
scp_baby_boost,2029,S14000091,Gordon and Buchan,7.991778793881289,0.015433939715476432
scp_baby_boost,2029,S14000092,Hamilton and Clyde Valley,8.12075801895284,0.015640117218040823
scp_baby_boost,2029,S14000093,Inverclyde and Renfrewshire West,7.635377228336504,0.014785643667604206
scp_baby_boost,2029,S14000094,"Inverness, Skye and West Ross-shire",8.218262925303792,0.015814129983044517
scp_baby_boost,2029,S14000095,Livingston,7.937390340435075,0.015487112457219732
scp_baby_boost,2029,S14000096,Lothian East,7.990416643996323,0.015293056978385662
scp_baby_boost,2029,S14000097,Mid Dunbartonshire,8.086162303488626,0.015518382293271607
scp_baby_boost,2029,S14000098,"Moray West, Nairn and Strathspey",8.576699735304057,0.016752870374956718
scp_baby_boost,2029,S14000099,"Motherwell, Wishaw and Carluke",8.581452440407835,0.01644987843178604
scp_baby_boost,2029,S14000100,North East Fife,7.829739143125233,0.014927557421122553
scp_baby_boost,2029,S14000101,Paisley and Renfrewshire North,7.79890240537735,0.014858558599074034
scp_baby_boost,2029,S14000102,Paisley and Renfrewshire South,8.415196261214112,0.016049871495151954
scp_baby_boost,2029,S14000103,Perth and Kinross-shire,7.819972390173673,0.014975517009217988
scp_baby_boost,2029,S14000104,Rutherglen,8.01729414312397,0.01552447702367337
scp_baby_boost,2029,S14000105,Stirling and Strathallan,8.037591921348188,0.015414786295295742
scp_baby_boost,2029,S14000106,West Dunbartonshire,7.946053591659512,0.015340991802349388
scp_baby_boost,2029,S14000107,"Ayr, Carrick and Cumnock",8.27185406581295,0.01611027736604853
scp_baby_boost,2029,S14000108,"Berwickshire, Roxburgh and Selkirk",8.215835053024303,0.015678102917353207
scp_baby_boost,2029,S14000109,Central Ayrshire,7.8745083538607705,0.015247972833903816
scp_baby_boost,2029,S14000110,Kilmarnock and Loudoun,8.436975179000408,0.016071697027052047
scp_baby_boost,2029,S14000111,West Aberdeenshire and Kincardine,8.323996943520077,0.016139903499031088
scp_baby_boost,2030,S14000021,East Renfrewshire,7.444161177608768,0.014232384720669754
scp_baby_boost,2030,S14000027,Na h-Eileanan an Iar,7.573166701871067,0.014306121638724216
scp_baby_boost,2030,S14000045,Midlothian,7.697125455226457,0.014816227137896262
scp_baby_boost,2030,S14000048,North Ayrshire and Arran,7.600889131878606,0.014227891046826282
scp_baby_boost,2030,S14000051,Orkney and Shetland,7.588944821139178,0.016672661729478986
scp_baby_boost,2030,S14000060,Aberdeen North,7.887297574527936,0.014963720081782482
scp_baby_boost,2030,S14000061,Aberdeen South,7.40485436396763,0.013827997168725514
scp_baby_boost,2030,S14000062,Aberdeenshire North and Moray East,7.545781812846642,0.014511628787311878
scp_baby_boost,2030,S14000063,Airdrie and Shotts,7.8483886722656475,0.015463167289365254
scp_baby_boost,2030,S14000064,Alloa and Grangemouth,7.425606434416401,0.013852520573544571
scp_baby_boost,2030,S14000065,Angus and Perthshire Glens,7.454444045732584,0.014027511071393039
scp_baby_boost,2030,S14000066,Arbroath and Broughty Ferry,7.137453930313681,0.013273657707741691
scp_baby_boost,2030,S14000067,"Argyll, Bute and South Lochaber",7.365243131849167,0.013979715773309549
scp_baby_boost,2030,S14000068,Bathgate and Linlithgow,7.829393880290404,0.014985594439379846
scp_baby_boost,2030,S14000069,"Caithness, Sutherland and Easter Ross",7.666111250370027,0.014418368272311901
scp_baby_boost,2030,S14000070,Coatbridge and Bellshill,7.449925157543586,0.01410368394151885
scp_baby_boost,2030,S14000071,Cowdenbeath and Kirkcaldy,7.947289292712968,0.015126140780943327
scp_baby_boost,2030,S14000072,Cumbernauld and Kirkintilloch,7.646525423643884,0.014461934524946526
scp_baby_boost,2030,S14000073,Dumfries and Galloway,7.652038772239994,0.014509792895167711
scp_baby_boost,2030,S14000074,"Dumfriesshire, Clydesdale and Tweeddale",8.160764646172032,0.015440682496097822
scp_baby_boost,2030,S14000075,Dundee Central,7.557847451726718,0.014395683964508313
scp_baby_boost,2030,S14000076,Dunfermline and Dollar,7.478621285661585,0.014281818854553218
scp_baby_boost,2030,S14000077,East Kilbride and Strathaven,7.906476610826699,0.01508344196778303
scp_baby_boost,2030,S14000078,Edinburgh East and Musselburgh,7.184085105725249,0.013511655115873284
scp_baby_boost,2030,S14000079,Edinburgh North and Leith,7.94310719783906,0.015093808370069772
scp_baby_boost,2030,S14000080,Edinburgh South,7.792631449605209,0.014874029921966691
scp_baby_boost,2030,S14000081,Edinburgh South West,7.66788862706664,0.01453966776810943
scp_baby_boost,2030,S14000082,Edinburgh West,7.550729123067745,0.014375268088424575
scp_baby_boost,2030,S14000083,Falkirk,7.680711140694466,0.014390338768560046
scp_baby_boost,2030,S14000084,Glasgow East,7.409117774656885,0.013637433462169267
scp_baby_boost,2030,S14000085,Glasgow North,6.965973473443376,0.012903199179713075
scp_baby_boost,2030,S14000086,Glasgow North East,7.563831048426602,0.01415708477941072
scp_baby_boost,2030,S14000087,Glasgow South,7.226956163940611,0.013341476545483953
scp_baby_boost,2030,S14000088,Glasgow South West,7.746951285192329,0.01464781282549301
scp_baby_boost,2030,S14000089,Glasgow West,7.501900025304828,0.01422794579143681
scp_baby_boost,2030,S14000090,Glenrothes and Mid Fife,7.528784340065188,0.014280432827711954
scp_baby_boost,2030,S14000091,Gordon and Buchan,7.589867921474661,0.014415852932951063
scp_baby_boost,2030,S14000092,Hamilton and Clyde Valley,7.803546605200311,0.014778656178431732
scp_baby_boost,2030,S14000093,Inverclyde and Renfrewshire West,7.232533846462675,0.013773618743359854
scp_baby_boost,2030,S14000094,"Inverness, Skye and West Ross-shire",7.817836589636476,0.014793117123108579
scp_baby_boost,2030,S14000095,Livingston,7.530965846572758,0.014451508898656018
scp_baby_boost,2030,S14000096,Lothian East,7.6330034430888904,0.014365497721102854
scp_baby_boost,2030,S14000097,Mid Dunbartonshire,7.5493087198068975,0.01424735196407288
scp_baby_boost,2030,S14000098,"Moray West, Nairn and Strathspey",8.08757180102768,0.01553731037663404
scp_baby_boost,2030,S14000099,"Motherwell, Wishaw and Carluke",8.1425826500786,0.01534746535436727
scp_baby_boost,2030,S14000100,North East Fife,7.363021272314668,0.013805143042979298
scp_baby_boost,2030,S14000101,Paisley and Renfrewshire North,7.3534883732117065,0.013774057838681198
scp_baby_boost,2030,S14000102,Paisley and Renfrewshire South,7.974450473469421,0.014954518554921335
scp_baby_boost,2030,S14000103,Perth and Kinross-shire,7.3933423386118955,0.01392283332623692
scp_baby_boost,2030,S14000104,Rutherglen,7.613072240138705,0.014498418464549162
scp_baby_boost,2030,S14000105,Stirling and Strathallan,7.707711381151061,0.014535109295424295
scp_baby_boost,2030,S14000106,West Dunbartonshire,7.611195593009535,0.014451310930154726
scp_baby_boost,2030,S14000107,"Ayr, Carrick and Cumnock",7.859798409936341,0.015055285480949912
scp_baby_boost,2030,S14000108,"Berwickshire, Roxburgh and Selkirk",7.647849331523744,0.01435039980113235
scp_baby_boost,2030,S14000109,Central Ayrshire,7.332848738098982,0.013964785376376737
scp_baby_boost,2030,S14000110,Kilmarnock and Loudoun,7.968016814393951,0.014924667926921265
scp_baby_boost,2030,S14000111,West Aberdeenshire and Kincardine,7.8683003995407,0.015004184097491578
income_tax_threshold_uplift,2026,S14000021,East Renfrewshire,23.032082791210616,0.04704156867419471
income_tax_threshold_uplift,2026,S14000027,Na h-Eileanan an Iar,23.442804325396185,0.047334399594724456
income_tax_threshold_uplift,2026,S14000045,Midlothian,22.810026825230683,0.046904960250218224
income_tax_threshold_uplift,2026,S14000048,North Ayrshire and Arran,23.73238561182413,0.04748451133965984
income_tax_threshold_uplift,2026,S14000051,Orkney and Shetland,17.871081658112093,0.04191622574949304
income_tax_threshold_uplift,2026,S14000060,Aberdeen North,23.44173440325942,0.04750728082811234
income_tax_threshold_uplift,2026,S14000061,Aberdeen South,23.87488945077937,0.04764211885036895
income_tax_threshold_uplift,2026,S14000062,Aberdeenshire North and Moray East,22.812913580867043,0.04686025174354012
income_tax_threshold_uplift,2026,S14000063,Airdrie and Shotts,21.773402924215322,0.045846374480004316
income_tax_threshold_uplift,2026,S14000064,Alloa and Grangemouth,23.841474083183094,0.04753727523822195
income_tax_threshold_uplift,2026,S14000065,Angus and Perthshire Glens,23.59634479959124,0.04743569716234586
income_tax_threshold_uplift,2026,S14000066,Arbroath and Broughty Ferry,24.026708005075424,0.04774018973815731
income_tax_threshold_uplift,2026,S14000067,"Argyll, Bute and South Lochaber",23.33793980326756,0.047334258563818274
income_tax_threshold_uplift,2026,S14000068,Bathgate and Linlithgow,23.0521472755864,0.047110218772309156
income_tax_threshold_uplift,2026,S14000069,"Caithness, Sutherland and Easter Ross",23.53639278325374,0.047308336894614396
income_tax_threshold_uplift,2026,S14000070,Coatbridge and Bellshill,23.412067252499575,0.047363484345842116
income_tax_threshold_uplift,2026,S14000071,Cowdenbeath and Kirkcaldy,23.297725663709603,0.047375976777368524
income_tax_threshold_uplift,2026,S14000072,Cumbernauld and Kirkintilloch,23.414308615689414,0.04733460422308211
income_tax_threshold_uplift,2026,S14000073,Dumfries and Galloway,23.294804948535226,0.047184092411301275
income_tax_threshold_uplift,2026,S14000074,"Dumfriesshire, Clydesdale and Tweeddale",23.544370848501796,0.047595028071444015
income_tax_threshold_uplift,2026,S14000075,Dundee Central,23.249948690952905,0.047292715754952634
income_tax_threshold_uplift,2026,S14000076,Dunfermline and Dollar,23.06103058688978,0.04703521581390533
income_tax_threshold_uplift,2026,S14000077,East Kilbride and Strathaven,23.16684737188367,0.04720109966736114
income_tax_threshold_uplift,2026,S14000078,Edinburgh East and Musselburgh,23.638236145694798,0.04751930163786793
income_tax_threshold_uplift,2026,S14000079,Edinburgh North and Leith,23.19231429655061,0.04710489842920443
income_tax_threshold_uplift,2026,S14000080,Edinburgh South,23.169276350051156,0.047241824129715594
income_tax_threshold_uplift,2026,S14000081,Edinburgh South West,23.337466921123717,0.047283121600752
income_tax_threshold_uplift,2026,S14000082,Edinburgh West,23.25057532631123,0.0472899420483034
income_tax_threshold_uplift,2026,S14000083,Falkirk,23.831821615106232,0.04771606182324726
income_tax_threshold_uplift,2026,S14000084,Glasgow East,24.283577844833548,0.04778372129101463
income_tax_threshold_uplift,2026,S14000085,Glasgow North,24.017155307824748,0.0475615867879595
income_tax_threshold_uplift,2026,S14000086,Glasgow North East,23.84690946703677,0.0476949816488844
income_tax_threshold_uplift,2026,S14000087,Glasgow South,24.170175108900192,0.04769459619256818
income_tax_threshold_uplift,2026,S14000088,Glasgow South West,23.481682182927155,0.04743224635103379
income_tax_threshold_uplift,2026,S14000089,Glasgow West,23.40534109786376,0.04741415333394717
income_tax_threshold_uplift,2026,S14000090,Glenrothes and Mid Fife,23.42542437473927,0.047466050439790484
income_tax_threshold_uplift,2026,S14000091,Gordon and Buchan,23.377415744500244,0.04741466246980385
income_tax_threshold_uplift,2026,S14000092,Hamilton and Clyde Valley,23.346788944956387,0.047244093020419604
income_tax_threshold_uplift,2026,S14000093,Inverclyde and Renfrewshire West,23.29636866481496,0.04739026352180955
income_tax_threshold_uplift,2026,S14000094,"Inverness, Skye and West Ross-shire",23.424469866362667,0.047357876009015934
income_tax_threshold_uplift,2026,S14000095,Livingston,23.017409450789675,0.04717855740924637
income_tax_threshold_uplift,2026,S14000096,Lothian East,23.55165321488557,0.047360763692468305
income_tax_threshold_uplift,2026,S14000097,Mid Dunbartonshire,23.55604279140784,0.047493365235722326
income_tax_threshold_uplift,2026,S14000098,"Moray West, Nairn and Strathspey",22.889990057563466,0.04696100644060648
income_tax_threshold_uplift,2026,S14000099,"Motherwell, Wishaw and Carluke",23.586518117823697,0.04751318022101737
income_tax_threshold_uplift,2026,S14000100,North East Fife,23.87431083346276,0.047816747649205384
income_tax_threshold_uplift,2026,S14000101,Paisley and Renfrewshire North,23.65711672203385,0.04738206725493735
income_tax_threshold_uplift,2026,S14000102,Paisley and Renfrewshire South,23.676470495734264,0.04745782754034005
income_tax_threshold_uplift,2026,S14000103,Perth and Kinross-shire,23.68220882733365,0.04765024015374109
income_tax_threshold_uplift,2026,S14000104,Rutherglen,23.183603901396886,0.04715268531923909
income_tax_threshold_uplift,2026,S14000105,Stirling and Strathallan,23.538660916169757,0.04744379356495241
income_tax_threshold_uplift,2026,S14000106,West Dunbartonshire,23.30169077673331,0.047260808763863404
income_tax_threshold_uplift,2026,S14000107,"Ayr, Carrick and Cumnock",23.05796790857603,0.04716930260304773
income_tax_threshold_uplift,2026,S14000108,"Berwickshire, Roxburgh and Selkirk",23.683247154471175,0.04749599990454712
income_tax_threshold_uplift,2026,S14000109,Central Ayrshire,23.2444261313332,0.04727643909981114
income_tax_threshold_uplift,2026,S14000110,Kilmarnock and Loudoun,23.77396785917889,0.04759314875953867
income_tax_threshold_uplift,2026,S14000111,West Aberdeenshire and Kincardine,23.136438238040533,0.0471280177855701
income_tax_threshold_uplift,2027,S14000021,East Renfrewshire,23.319560789999816,0.046868795458061524
income_tax_threshold_uplift,2027,S14000027,Na h-Eileanan an Iar,23.72849960369227,0.04714740418674219
income_tax_threshold_uplift,2027,S14000045,Midlothian,23.098189573970263,0.04673968307152238
income_tax_threshold_uplift,2027,S14000048,North Ayrshire and Arran,24.020827238287172,0.04729525127984707
income_tax_threshold_uplift,2027,S14000051,Orkney and Shetland,18.13083995987755,0.041835792919266916
income_tax_threshold_uplift,2027,S14000060,Aberdeen North,23.722835111154744,0.04731449281179002
income_tax_threshold_uplift,2027,S14000061,Aberdeen South,24.16111122124068,0.04744371295157751
income_tax_threshold_uplift,2027,S14000062,Aberdeenshire North and Moray East,23.103031422983832,0.04670232576125515
income_tax_threshold_uplift,2027,S14000063,Airdrie and Shotts,22.05304332239381,0.04568799981843469
income_tax_threshold_uplift,2027,S14000064,Alloa and Grangemouth,24.126289010773235,0.04733844326535825
income_tax_threshold_uplift,2027,S14000065,Angus and Perthshire Glens,23.893956958257224,0.04727003608921584
income_tax_threshold_uplift,2027,S14000066,Arbroath and Broughty Ferry,24.315218698054995,0.04754689196757602
income_tax_threshold_uplift,2027,S14000067,"Argyll, Bute and South Lochaber",23.62441778399563,0.0471535564641468
income_tax_threshold_uplift,2027,S14000068,Bathgate and Linlithgow,23.339842299387893,0.04694070746082122
income_tax_threshold_uplift,2027,S14000069,"Caithness, Sutherland and Easter Ross",23.82324840994921,0.04711869002931266
income_tax_threshold_uplift,2027,S14000070,Coatbridge and Bellshill,23.704142798050977,0.0471920225116467
income_tax_threshold_uplift,2027,S14000071,Cowdenbeath and Kirkcaldy,23.581700682422237,0.04719315398254396
income_tax_threshold_uplift,2027,S14000072,Cumbernauld and Kirkintilloch,23.69910981298956,0.04714539209363791
income_tax_threshold_uplift,2027,S14000073,Dumfries and Galloway,23.580271471151967,0.04699922822669427
income_tax_threshold_uplift,2027,S14000074,"Dumfriesshire, Clydesdale and Tweeddale",23.82865747104662,0.047405618622339746
income_tax_threshold_uplift,2027,S14000075,Dundee Central,23.53633847165148,0.047116588542933296
income_tax_threshold_uplift,2027,S14000076,Dunfermline and Dollar,23.339757833366907,0.04684634905793791
income_tax_threshold_uplift,2027,S14000077,East Kilbride and Strathaven,23.453198614989248,0.04702788113381251
income_tax_threshold_uplift,2027,S14000078,Edinburgh East and Musselburgh,23.932209335933155,0.04734195555244245
income_tax_threshold_uplift,2027,S14000079,Edinburgh North and Leith,23.47502694582636,0.046917813408148996
income_tax_threshold_uplift,2027,S14000080,Edinburgh South,23.45257329090252,0.04706029107923229
income_tax_threshold_uplift,2027,S14000081,Edinburgh South West,23.62390536696331,0.04710100214407358
income_tax_threshold_uplift,2027,S14000082,Edinburgh West,23.538551122839973,0.0471138864858825
income_tax_threshold_uplift,2027,S14000083,Falkirk,24.11717020028836,0.04752043645645202
income_tax_threshold_uplift,2027,S14000084,Glasgow East,24.56670617890574,0.047569962592791025
income_tax_threshold_uplift,2027,S14000085,Glasgow North,24.30712882106706,0.04736762872646117
income_tax_threshold_uplift,2027,S14000086,Glasgow North East,24.130657216100705,0.04749456060262639
income_tax_threshold_uplift,2027,S14000087,Glasgow South,24.458832668647258,0.047494596830631716
income_tax_threshold_uplift,2027,S14000088,Glasgow South West,23.764943113404215,0.04724198429933775
income_tax_threshold_uplift,2027,S14000089,Glasgow West,23.692285493252584,0.04723436646919393
income_tax_threshold_uplift,2027,S14000090,Glenrothes and Mid Fife,23.713694784747013,0.04728458900140678
income_tax_threshold_uplift,2027,S14000091,Gordon and Buchan,23.66968806958579,0.04724660962367921
income_tax_threshold_uplift,2027,S14000092,Hamilton and Clyde Valley,23.629633182879328,0.04705605725159829
income_tax_threshold_uplift,2027,S14000093,Inverclyde and Renfrewshire West,23.585648552872165,0.04721812184408658
income_tax_threshold_uplift,2027,S14000094,"Inverness, Skye and West Ross-shire",23.714172404969595,0.04718159864132768
income_tax_threshold_uplift,2027,S14000095,Livingston,23.305425445427648,0.0470092591692797
income_tax_threshold_uplift,2027,S14000096,Lothian East,23.837661937510767,0.047172266087006164
income_tax_threshold_uplift,2027,S14000097,Mid Dunbartonshire,23.8438744058063,0.047308889813681906
income_tax_threshold_uplift,2027,S14000098,"Moray West, Nairn and Strathspey",23.175169183922446,0.046790780109403886
income_tax_threshold_uplift,2027,S14000099,"Motherwell, Wishaw and Carluke",23.87430892142891,0.04732694106584636
income_tax_threshold_uplift,2027,S14000100,North East Fife,24.169723983385246,0.047637895057850564
income_tax_threshold_uplift,2027,S14000101,Paisley and Renfrewshire North,23.943729463266237,0.047189525446279766
income_tax_threshold_uplift,2027,S14000102,Paisley and Renfrewshire South,23.957690882021343,0.04725492057420042
income_tax_threshold_uplift,2027,S14000103,Perth and Kinross-shire,23.969652629402887,0.047459132070492606
income_tax_threshold_uplift,2027,S14000104,Rutherglen,23.466650240596746,0.046970308426189225
income_tax_threshold_uplift,2027,S14000105,Stirling and Strathallan,23.823782857231784,0.04725206988411867
income_tax_threshold_uplift,2027,S14000106,West Dunbartonshire,23.580253561827668,0.047064718744504935
income_tax_threshold_uplift,2027,S14000107,"Ayr, Carrick and Cumnock",23.337853326430494,0.046984884050803796
income_tax_threshold_uplift,2027,S14000108,"Berwickshire, Roxburgh and Selkirk",23.967755818599652,0.04730052649093693
income_tax_threshold_uplift,2027,S14000109,Central Ayrshire,23.52963570063726,0.04709659458171306
income_tax_threshold_uplift,2027,S14000110,Kilmarnock and Loudoun,24.055773908285673,0.04739159261918353
income_tax_threshold_uplift,2027,S14000111,West Aberdeenshire and Kincardine,23.424277962336625,0.04695552955279835
income_tax_threshold_uplift,2028,S14000021,East Renfrewshire,23.567975469101917,0.046577791819427304
income_tax_threshold_uplift,2028,S14000027,Na h-Eileanan an Iar,23.988925253020092,0.04685985417668338
income_tax_threshold_uplift,2028,S14000045,Midlothian,23.34710087746031,0.046455683598921264
income_tax_threshold_uplift,2028,S14000048,North Ayrshire and Arran,24.274982235740683,0.04698940780616675
income_tax_threshold_uplift,2028,S14000051,Orkney and Shetland,18.34531551119645,0.041626949027841344
income_tax_threshold_uplift,2028,S14000060,Aberdeen North,23.973097631953713,0.04701720679494637
income_tax_threshold_uplift,2028,S14000061,Aberdeen South,24.415000796021342,0.04714084149852372
income_tax_threshold_uplift,2028,S14000062,Aberdeenshire North and Moray East,23.348539382953234,0.046413924462106584
income_tax_threshold_uplift,2028,S14000063,Airdrie and Shotts,22.302908864602564,0.04542548902795488
income_tax_threshold_uplift,2028,S14000064,Alloa and Grangemouth,24.381567756677097,0.04703477499386743
income_tax_threshold_uplift,2028,S14000065,Angus and Perthshire Glens,24.149340319100578,0.04698120775725602
income_tax_threshold_uplift,2028,S14000066,Arbroath and Broughty Ferry,24.566668735793098,0.047237860484330436
income_tax_threshold_uplift,2028,S14000067,"Argyll, Bute and South Lochaber",23.87583823177716,0.04685615039720562
income_tax_threshold_uplift,2028,S14000068,Bathgate and Linlithgow,23.583570764227886,0.04664829525654514
income_tax_threshold_uplift,2028,S14000069,"Caithness, Sutherland and Easter Ross",24.076775072149143,0.04682046002654937
income_tax_threshold_uplift,2028,S14000070,Coatbridge and Bellshill,23.959727362519452,0.04690005103592766
income_tax_threshold_uplift,2028,S14000071,Cowdenbeath and Kirkcaldy,23.835671914158315,0.04690396812090185
income_tax_threshold_uplift,2028,S14000072,Cumbernauld and Kirkintilloch,23.95409497103514,0.04684894084132919
income_tax_threshold_uplift,2028,S14000073,Dumfries and Galloway,23.8235126479674,0.04669693895724323
income_tax_threshold_uplift,2028,S14000074,"Dumfriesshire, Clydesdale and Tweeddale",24.08340972444753,0.047110059727656896
income_tax_threshold_uplift,2028,S14000075,Dundee Central,23.77995927737457,0.04681457210851369
income_tax_threshold_uplift,2028,S14000076,Dunfermline and Dollar,23.583584972763706,0.046550183096804386
income_tax_threshold_uplift,2028,S14000077,East Kilbride and Strathaven,23.70151723492354,0.04673664692059663
income_tax_threshold_uplift,2028,S14000078,Edinburgh East and Musselburgh,24.195119294809725,0.04705604444227003
income_tax_threshold_uplift,2028,S14000079,Edinburgh North and Leith,23.732638481839377,0.04663323608939044
income_tax_threshold_uplift,2028,S14000080,Edinburgh South,23.701694486135082,0.046767049547865217
income_tax_threshold_uplift,2028,S14000081,Edinburgh South West,23.873855600296856,0.046801687333113164
income_tax_threshold_uplift,2028,S14000082,Edinburgh West,23.78848331035835,0.046819122794857386
income_tax_threshold_uplift,2028,S14000083,Falkirk,24.37345736393757,0.04721900801051649
income_tax_threshold_uplift,2028,S14000084,Glasgow East,24.822702035138168,0.04725459821867072
income_tax_threshold_uplift,2028,S14000085,Glasgow North,24.56479771945385,0.04706073746099593
income_tax_threshold_uplift,2028,S14000086,Glasgow North East,24.38172460869459,0.04718413861958419
income_tax_threshold_uplift,2028,S14000087,Glasgow South,24.7135773843853,0.04718099567965144
income_tax_threshold_uplift,2028,S14000088,Glasgow South West,24.012796503422663,0.04693780495682493
income_tax_threshold_uplift,2028,S14000089,Glasgow West,23.9426566558568,0.0469397261651974
income_tax_threshold_uplift,2028,S14000090,Glenrothes and Mid Fife,23.96463859093302,0.046990387596210006
income_tax_threshold_uplift,2028,S14000091,Gordon and Buchan,23.919332725415483,0.04695460972208005
income_tax_threshold_uplift,2028,S14000092,Hamilton and Clyde Valley,23.878533336083148,0.04675551668709644
income_tax_threshold_uplift,2028,S14000093,Inverclyde and Renfrewshire West,23.836677632962882,0.04692642234764997
income_tax_threshold_uplift,2028,S14000094,"Inverness, Skye and West Ross-shire",23.963539277998535,0.04688043352294228
income_tax_threshold_uplift,2028,S14000095,Livingston,23.55671417132695,0.04672488291675352
income_tax_threshold_uplift,2028,S14000096,Lothian East,24.09153279307158,0.04687655405830291
income_tax_threshold_uplift,2028,S14000097,Mid Dunbartonshire,24.094447140679492,0.047008921736660284
income_tax_threshold_uplift,2028,S14000098,"Moray West, Nairn and Strathspey",23.419999101825194,0.04650321554057545
income_tax_threshold_uplift,2028,S14000099,"Motherwell, Wishaw and Carluke",24.13271381843352,0.04703656681164105
income_tax_threshold_uplift,2028,S14000100,North East Fife,24.42313362402896,0.04733676522469982
income_tax_threshold_uplift,2028,S14000101,Paisley and Renfrewshire North,24.19773862063372,0.04688153606320833
income_tax_threshold_uplift,2028,S14000102,Paisley and Renfrewshire South,24.211018332889076,0.046951228708624025
income_tax_threshold_uplift,2028,S14000103,Perth and Kinross-shire,24.225650399660243,0.04716629535027074
income_tax_threshold_uplift,2028,S14000104,Rutherglen,23.709788410711212,0.046671102430628476
income_tax_threshold_uplift,2028,S14000105,Stirling and Strathallan,24.085351930070928,0.046965103408306556
income_tax_threshold_uplift,2028,S14000106,West Dunbartonshire,23.822503091101968,0.04675747985264996
income_tax_threshold_uplift,2028,S14000107,"Ayr, Carrick and Cumnock",23.583239681363846,0.04669111793359603
income_tax_threshold_uplift,2028,S14000108,"Berwickshire, Roxburgh and Selkirk",24.221666204518637,0.0469968438601151
income_tax_threshold_uplift,2028,S14000109,Central Ayrshire,23.774272663278886,0.04679515601209071
income_tax_threshold_uplift,2028,S14000110,Kilmarnock and Loudoun,24.30711016347572,0.04707955985672886
income_tax_threshold_uplift,2028,S14000111,West Aberdeenshire and Kincardine,23.669237363086364,0.0466575716546479
income_tax_threshold_uplift,2029,S14000021,East Renfrewshire,23.799520621756656,0.04626641225995121
income_tax_threshold_uplift,2029,S14000027,Na h-Eileanan an Iar,24.23503531103032,0.04656020591272976
income_tax_threshold_uplift,2029,S14000045,Midlothian,23.580397765560875,0.04615357095545139
income_tax_threshold_uplift,2029,S14000048,North Ayrshire and Arran,24.515902562243152,0.04667307629660381
income_tax_threshold_uplift,2029,S14000051,Orkney and Shetland,18.554773069686874,0.0414133387473635
income_tax_threshold_uplift,2029,S14000060,Aberdeen North,24.207803615231054,0.04670173396740166
income_tax_threshold_uplift,2029,S14000061,Aberdeen South,24.65176806588483,0.04681625455260145
income_tax_threshold_uplift,2029,S14000062,Aberdeenshire North and Moray East,23.57746202948644,0.046104697334563176
income_tax_threshold_uplift,2029,S14000063,Airdrie and Shotts,22.540576377955013,0.0451511509099986
income_tax_threshold_uplift,2029,S14000064,Alloa and Grangemouth,24.621190381452674,0.04671538620763003
income_tax_threshold_uplift,2029,S14000065,Angus and Perthshire Glens,24.3839466886489,0.04666216413236091
income_tax_threshold_uplift,2029,S14000066,Arbroath and Broughty Ferry,24.800050125036485,0.046904430055161074
income_tax_threshold_uplift,2029,S14000067,"Argyll, Bute and South Lochaber",24.11302561768251,0.04654483715452161
income_tax_threshold_uplift,2029,S14000068,Bathgate and Linlithgow,23.807660134104037,0.04632792076164104
income_tax_threshold_uplift,2029,S14000069,"Caithness, Sutherland and Easter Ross",24.314331365111848,0.04650601405337242
income_tax_threshold_uplift,2029,S14000070,Coatbridge and Bellshill,24.199185837305603,0.04659138979334378
income_tax_threshold_uplift,2029,S14000071,Cowdenbeath and Kirkcaldy,24.071478155263218,0.04659134931266068
income_tax_threshold_uplift,2029,S14000072,Cumbernauld and Kirkintilloch,24.193954712720394,0.04653747295022556
income_tax_threshold_uplift,2029,S14000073,Dumfries and Galloway,24.048706277242125,0.04636852395116677
income_tax_threshold_uplift,2029,S14000074,"Dumfriesshire, Clydesdale and Tweeddale",24.320376191214553,0.04679445781451182
income_tax_threshold_uplift,2029,S14000075,Dundee Central,24.003364571281786,0.046488226723408355
income_tax_threshold_uplift,2029,S14000076,Dunfermline and Dollar,23.809529677817835,0.046229938317903556
income_tax_threshold_uplift,2029,S14000077,East Kilbride and Strathaven,23.93176283231495,0.04642197030335808
income_tax_threshold_uplift,2029,S14000078,Edinburgh East and Musselburgh,24.44062609512223,0.04674808720325448
income_tax_threshold_uplift,2029,S14000079,Edinburgh North and Leith,23.975925630654427,0.04633369215195297
income_tax_threshold_uplift,2029,S14000080,Edinburgh South,23.931897220036507,0.04645025062606904
income_tax_threshold_uplift,2029,S14000081,Edinburgh South West,24.111543745484973,0.04649396010362764
income_tax_threshold_uplift,2029,S14000082,Edinburgh West,24.025310781275692,0.04651134156839045
income_tax_threshold_uplift,2029,S14000083,Falkirk,24.617300843493645,0.04690858986501484
income_tax_threshold_uplift,2029,S14000084,Glasgow East,25.064481821989215,0.04692619951198838
income_tax_threshold_uplift,2029,S14000085,Glasgow North,24.806999035896727,0.04673785253728362
income_tax_threshold_uplift,2029,S14000086,Glasgow North East,24.617922710535026,0.04685976250917387
income_tax_threshold_uplift,2029,S14000087,Glasgow South,24.953731223259595,0.04685405151939684
income_tax_threshold_uplift,2029,S14000088,Glasgow South West,24.243198486702514,0.046614609272752
income_tax_threshold_uplift,2029,S14000089,Glasgow West,24.175695173828284,0.04662334717029064
income_tax_threshold_uplift,2029,S14000090,Glenrothes and Mid Fife,24.198964303745882,0.04667312218084519
income_tax_threshold_uplift,2029,S14000091,Gordon and Buchan,24.15102246618177,0.04664110887247654
income_tax_threshold_uplift,2029,S14000092,Hamilton and Clyde Valley,24.115262705142,0.04644462186559575
income_tax_threshold_uplift,2029,S14000093,Inverclyde and Renfrewshire West,24.067488957669394,0.046605859155386786
income_tax_threshold_uplift,2029,S14000094,"Inverness, Skye and West Ross-shire",24.196489152741975,0.04656049922869115
income_tax_threshold_uplift,2029,S14000095,Livingston,23.788445195090894,0.04641504450675498
income_tax_threshold_uplift,2029,S14000096,Lothian East,24.32955015339958,0.04656493063274644
income_tax_threshold_uplift,2029,S14000097,Mid Dunbartonshire,24.325018218514533,0.0466828289908114
income_tax_threshold_uplift,2029,S14000098,"Moray West, Nairn and Strathspey",23.64483517925574,0.046185464225214
income_tax_threshold_uplift,2029,S14000099,"Motherwell, Wishaw and Carluke",24.37942709003234,0.04673318586248132
income_tax_threshold_uplift,2029,S14000100,North East Fife,24.65489810367739,0.047005066251500686
income_tax_threshold_uplift,2029,S14000101,Paisley and Renfrewshire North,24.440300948232853,0.04656394258350148
income_tax_threshold_uplift,2029,S14000102,Paisley and Renfrewshire South,24.44936079676622,0.04663100975259829
income_tax_threshold_uplift,2029,S14000103,Perth and Kinross-shire,24.462565757770577,0.046846657675535704
income_tax_threshold_uplift,2029,S14000104,Rutherglen,23.933409174482126,0.04634402258349024
income_tax_threshold_uplift,2029,S14000105,Stirling and Strathallan,24.332943121760394,0.046666603856968095
income_tax_threshold_uplift,2029,S14000106,West Dunbartonshire,24.046269497914228,0.046424759031551396
income_tax_threshold_uplift,2029,S14000107,"Ayr, Carrick and Cumnock",23.812785836794685,0.04637782311399755
income_tax_threshold_uplift,2029,S14000108,"Berwickshire, Roxburgh and Selkirk",24.45846662124497,0.046673570539536545
income_tax_threshold_uplift,2029,S14000109,Central Ayrshire,24.000991214863355,0.04647483316867292
income_tax_threshold_uplift,2029,S14000110,Kilmarnock and Loudoun,24.544331012276032,0.046754795811514274
income_tax_threshold_uplift,2029,S14000111,West Aberdeenshire and Kincardine,23.89409989788022,0.04632972226740284
income_tax_threshold_uplift,2030,S14000021,East Renfrewshire,24.131728382480894,0.04613710451988067
income_tax_threshold_uplift,2030,S14000027,Na h-Eileanan an Iar,24.574084800753383,0.04642177574581101
income_tax_threshold_uplift,2030,S14000045,Midlothian,23.907845328143114,0.04602030573880503
income_tax_threshold_uplift,2030,S14000048,North Ayrshire and Arran,24.850223675763054,0.046516436276532507
income_tax_threshold_uplift,2030,S14000051,Orkney and Shetland,18.826440630735085,0.04136106976717317
income_tax_threshold_uplift,2030,S14000060,Aberdeen North,24.5414777407237,0.04655990215095496
income_tax_threshold_uplift,2030,S14000061,Aberdeen South,24.988624081508316,0.04666433748256683
income_tax_threshold_uplift,2030,S14000062,Aberdeenshire North and Moray East,23.903454369084074,0.04596979678739701
income_tax_threshold_uplift,2030,S14000063,Airdrie and Shotts,22.866824051259705,0.045053009024721945
income_tax_threshold_uplift,2030,S14000064,Alloa and Grangemouth,24.963902520020394,0.04657033419543492
income_tax_threshold_uplift,2030,S14000065,Angus and Perthshire Glens,24.71975840560338,0.046516773429303424
income_tax_threshold_uplift,2030,S14000066,Arbroath and Broughty Ferry,25.138984421711644,0.0467514435248181
income_tax_threshold_uplift,2030,S14000067,"Argyll, Bute and South Lochaber",24.449117569009456,0.0464060328225945
income_tax_threshold_uplift,2030,S14000068,Bathgate and Linlithgow,24.132816779366934,0.04619062605163503
income_tax_threshold_uplift,2030,S14000069,"Caithness, Sutherland and Easter Ross",24.652042138897475,0.04636538795416241
income_tax_threshold_uplift,2030,S14000070,Coatbridge and Bellshill,24.537903997435112,0.04645346567230022
income_tax_threshold_uplift,2030,S14000071,Cowdenbeath and Kirkcaldy,24.413892013104796,0.04646716056247993
income_tax_threshold_uplift,2030,S14000072,Cumbernauld and Kirkintilloch,24.531702705522132,0.046397004999906136
income_tax_threshold_uplift,2030,S14000073,Dumfries and Galloway,24.371889227661804,0.04621396671959396
income_tax_threshold_uplift,2030,S14000074,"Dumfriesshire, Clydesdale and Tweeddale",24.663660249531684,0.04666520401164619
income_tax_threshold_uplift,2030,S14000075,Dundee Central,24.333795277025047,0.046349390974418946
income_tax_threshold_uplift,2030,S14000076,Dunfermline and Dollar,24.135055831233966,0.04609037979862342
income_tax_threshold_uplift,2030,S14000077,East Kilbride and Strathaven,24.261443564048857,0.04628434308549872
income_tax_threshold_uplift,2030,S14000078,Edinburgh East and Musselburgh,24.784710099162044,0.046614488842831155
income_tax_threshold_uplift,2030,S14000079,Edinburgh North and Leith,24.318936620328444,0.0462118110669551
income_tax_threshold_uplift,2030,S14000080,Edinburgh South,24.26795131948627,0.046320968264084515
income_tax_threshold_uplift,2030,S14000081,Edinburgh South West,24.44423995887851,0.04635058555643125
income_tax_threshold_uplift,2030,S14000082,Edinburgh West,24.35809370548529,0.046373551670604224
income_tax_threshold_uplift,2030,S14000083,Falkirk,24.959492340146408,0.046763319657079416
income_tax_threshold_uplift,2030,S14000084,Glasgow East,25.408903272107093,0.04676835194944682
income_tax_threshold_uplift,2030,S14000085,Glasgow North,25.153745608601053,0.046592739828964086
income_tax_threshold_uplift,2030,S14000086,Glasgow North East,24.95770591396946,0.046712883492706234
income_tax_threshold_uplift,2030,S14000087,Glasgow South,25.301613662182138,0.046708583472691086
income_tax_threshold_uplift,2030,S14000088,Glasgow South West,24.57785659150144,0.04647142207958069
income_tax_threshold_uplift,2030,S14000089,Glasgow West,24.50712679120628,0.04647970118409881
income_tax_threshold_uplift,2030,S14000090,Glenrothes and Mid Fife,24.533326702984677,0.04653427541520616
income_tax_threshold_uplift,2030,S14000091,Gordon and Buchan,24.47418744459961,0.04648516818804872
income_tax_threshold_uplift,2030,S14000092,Hamilton and Clyde Valley,24.449317275194417,0.046303055788338515
income_tax_threshold_uplift,2030,S14000093,Inverclyde and Renfrewshire West,24.40254246381244,0.046472138727645065
income_tax_threshold_uplift,2030,S14000094,"Inverness, Skye and West Ross-shire",24.531154467680572,0.046418499164657165
income_tax_threshold_uplift,2030,S14000095,Livingston,24.120086813399997,0.0462851188441966
income_tax_threshold_uplift,2030,S14000096,Lothian East,24.668018410209644,0.046425809302738326
income_tax_threshold_uplift,2030,S14000097,Mid Dunbartonshire,24.657894972864153,0.04653534799150789
income_tax_threshold_uplift,2030,S14000098,"Moray West, Nairn and Strathspey",23.973247926239235,0.046055825274855265
income_tax_threshold_uplift,2030,S14000099,"Motherwell, Wishaw and Carluke",24.724545768499045,0.04660181245821853
income_tax_threshold_uplift,2030,S14000100,North East Fife,24.991991263406707,0.04685821235061532
income_tax_threshold_uplift,2030,S14000101,Paisley and Renfrewshire North,24.781268795449247,0.04641859922535522
income_tax_threshold_uplift,2030,S14000102,Paisley and Renfrewshire South,24.786511296206605,0.04648224279830814
income_tax_threshold_uplift,2030,S14000103,Perth and Kinross-shire,24.801698362139504,0.04670552189911223
income_tax_threshold_uplift,2030,S14000104,Rutherglen,24.25847512173052,0.04619810669500443
income_tax_threshold_uplift,2030,S14000105,Stirling and Strathallan,24.67546118179825,0.0465326875198686
income_tax_threshold_uplift,2030,S14000106,West Dunbartonshire,24.37368289550021,0.04627809990317065
income_tax_threshold_uplift,2030,S14000107,"Ayr, Carrick and Cumnock",24.144322034269415,0.04624796235363744
income_tax_threshold_uplift,2030,S14000108,"Berwickshire, Roxburgh and Selkirk",24.794954182397696,0.046525171998553626
income_tax_threshold_uplift,2030,S14000109,Central Ayrshire,24.33002690363975,0.04633446236869788
income_tax_threshold_uplift,2030,S14000110,Kilmarnock and Loudoun,24.887695236616867,0.04661644114529629
income_tax_threshold_uplift,2030,S14000111,West Aberdeenshire and Kincardine,24.223304166817343,0.046191794506178
